timestamp,topic,value
1775232511.7316782,tempg,22.8
1775232511.7789145,humg,48.8
1775232511.7852173,shumg,58.0
1775232511.791439,luxg,1200
1775232560.6243384,statusg,31
1775232561.6358178,statusg,21
1775232562.1906717,statusg,41
1775232562.8850849,statusg,51
1775232574.0104456,statusg,20
1775232631.732383,tempg,21.8
1775232631.7790368,humg,51.8
1775232631.7845147,shumg,63.0
1775232631.7907438,luxg,1200
1775232751.7329917,tempg,20.8
1775232751.7789998,humg,54.8
1775232751.7825127,shumg,68.0
1775232751.7863967,luxg,1200
1775232780.594134,statusg,21
1775232871.7343986,tempg,19.8
1775232871.7790208,humg,57.8
1775232871.7847605,shumg,73.0
1775232871.7908602,luxg,25099
1775233245.1714118,tempg,22.4
1775233245.2248962,humg,49.4
1775233245.2320065,shumg,59.0
1775233245.238264,luxg,1200
1775233365.1718576,tempg,22.6
1775233365.2245495,humg,49.1
1775233365.2325077,shumg,58.5
1775233365.239526,luxg,1200
1775233389.3023589,statusg,31
1775233390.365974,statusg,21
1775233390.8653662,statusg,51
1775233391.1847155,statusg,41
1775233392.6814106,statusg,41
1775233393.4968991,statusg,50
1775233394.7069569,statusg,50
1775233396.2718112,statusg,40
1775233396.4452276,statusg,40
1775233398.0631146,statusg,20
1775233398.2319956,statusg,20
1775233400.0946927,statusg,30
1775233400.497343,statusg,30
1775233401.640673,statusg,31
1775233401.8068564,statusg,31
1775233402.97576,statusg,30
1775233403.1430297,statusg,30
1775233404.717449,statusg,21
1775233405.09317,statusg,20
1775233406.0670247,statusg,51
1775233406.2295234,statusg,51
1775233407.0332987,statusg,41
1775233407.1953814,statusg,41
1775233408.6838346,statusg,41
1775233409.641205,statusg,21
1775233410.0733798,statusg,31
1775233485.1742845,tempg,21.6
1775233485.2149506,humg,52.1
1775233485.2212555,shumg,63.5
1775233485.227295,luxg,16490
1775233513.814834,statusg,30
1775235594.0147126,tempg,22.4
1775235594.0602968,humg,49.4
1775235594.0675914,shumg,59.0
1775235594.0743294,luxg,1200
1775235714.4226027,tempg,22.6
1775235714.4661841,humg,49.1
1775235714.4716902,shumg,58.5
1775235714.477417,luxg,1200
1775235834.827445,tempg,22.8
1775235834.8691642,humg,48.8
1775235834.8754504,shumg,58.0
1775235834.881375,luxg,1200
1775235955.2429817,tempg,23.0
1775235955.2841475,humg,48.5
1775235955.2885334,shumg,57.5
1775235955.293883,luxg,1200
1775274053.1948206,tempg,22.6
1775274053.3733306,humg,49.1
1775274053.379764,shumg,58.5
1775274053.3835487,luxg,1200
1775274173.2116075,tempg,22.8
1775274173.2622821,humg,48.8
1775274173.2680159,shumg,58.0
1775274173.273876,luxg,1200
1775274293.2129855,tempg,23.0
1775274293.2717164,humg,48.5
1775274293.2808883,shumg,57.5
1775274293.2901654,luxg,1200
1775274413.2151713,tempg,23.2
1775274413.261715,humg,48.2
1775274413.267259,shumg,57.0
1775274413.2729573,luxg,1200
1775274547.2063737,tempg,22.4
1775274547.2876186,humg,49.4
1775274547.2946072,shumg,59.0
1775274547.3020105,luxg,1200
1775274667.2128546,tempg,22.6
1775274667.2622576,humg,49.1
1775274667.269384,shumg,58.5
1775274667.2745078,luxg,1200
1775274787.2136593,tempg,22.8
1775274787.2616053,humg,48.8
1775274787.2715335,shumg,58.0
1775274787.279053,luxg,1200
1775274907.2161217,tempg,23.0
1775274907.26143,humg,48.5
1775274907.265646,shumg,57.5
1775274907.2702718,luxg,1200
1775275872.9956686,tempg,22.6
1775275873.360957,humg,49.1
1775275873.3668013,shumg,58.5
1775275873.3731236,luxg,1200
1775275993.002771,tempg,22.8
1775275993.0521986,humg,48.8
1775275993.0650673,shumg,58.0
1775275993.0782695,luxg,1200
1775276113.0090196,tempg,23.0
1775276113.062252,humg,48.5
1775276113.0753536,shumg,57.5
1775276113.0878792,luxg,1200
1775276233.0092928,tempg,23.2
1775276233.0518327,humg,48.2
1775276233.0574415,shumg,57.0
1775276233.0637221,luxg,1200
1775276353.0261197,tempg,23.4
1775276353.0721138,humg,47.9
1775276353.0769112,shumg,56.5
1775276353.0831273,luxg,1200
1775276473.032202,tempg,23.6
1775276473.0826688,humg,47.6
1775276473.0892484,shumg,56.0
1775276473.0955365,luxg,1200
1775276593.052756,tempg,23.8
1775276593.1661265,humg,47.3
1775276593.1750917,shumg,55.5
1775276593.1864629,luxg,1200
1775276713.0532877,tempg,24.0
1775276713.1015077,humg,47.0
1775276713.412871,shumg,55.0
1775276713.4185834,luxg,1200
1775276833.054631,tempg,24.2
1775276833.1022737,humg,46.7
1775276833.1119006,shumg,54.5
1775276833.118196,luxg,1200
1775276968.7109516,tempg,22.4
1775276993.6685348,humg,49.4
1775276994.2435317,shumg,59.0
1775276994.6689868,luxg,1200
1775277095.4264538,tempg,22.6
1775277097.8567107,humg,49.1
1775277099.364674,shumg,58.5
1775277100.8090112,luxg,1200
1775277215.440473,tempg,22.8
1775277215.4816837,humg,48.8
1775277215.4870155,shumg,58.0
1775277215.4929433,luxg,1200
1775277335.4422343,tempg,23.0
1775277335.491689,humg,48.5
1775277335.4971383,shumg,57.5
1775277335.5030622,luxg,1200
1775277455.4441774,tempg,23.2
1775277455.4918602,humg,48.2
1775277455.498125,shumg,57.0
1775277455.5042248,luxg,1200
1775277571.9855864,tempg,22.23
1775277571.9898796,humg,46.3
1775277571.9942884,shumg,58.5
1775277572.0003135,luxg,1619
1775277575.4447358,tempg,23.4
1775277575.4916801,humg,47.9
1775277575.4969325,shumg,56.5
1775277575.5009592,luxg,1200
1775277632.0028365,tempg,21.91
1775277632.052217,humg,43.28
1775277632.0581286,shumg,57.0
1775277632.064289,luxg,2688
1775277638.510825,statusg,51
1775277638.5168161,statusg,51
1775277638.8259068,statusg,51
1775277638.8314195,statusg,51
1775277640.07852,statusg,50
1775277640.0863655,statusg,50
1775277640.238763,statusg,50
1775277640.2436926,statusg,50
1775277641.8449395,statusg,41
1775277641.863668,statusg,41
1775277642.7091436,statusg,41
1775277642.71629,statusg,41
1775277645.2978091,statusg,40
1775277645.3062935,statusg,40
1775277692.0056787,tempg,22.44
1775277692.0133808,humg,43.54
1775277692.0204327,shumg,55.5
1775277692.0272512,luxg,2759
1775277695.4520438,tempg,23.6
1775277695.4580426,humg,47.6
1775277695.4649265,shumg,56.0
1775277695.4715042,luxg,1200
1775277752.0062678,tempg,23.0
1775277752.0515075,humg,43.76
1775277752.055676,shumg,54.0
1775277752.0594404,luxg,2263
1775290366.1848772,tempg,22.4
1775290366.3421462,humg,49.4
1775290366.346942,shumg,59.0
1775290366.3509996,luxg,1200
1775290488.2087595,tempg,22.6
1775290488.2489057,humg,49.1
1775290488.2555742,shumg,58.5
1775290488.2613919,luxg,1200
1775290611.3374832,tempg,22.8
1775290611.3870525,humg,48.8
1775290611.392237,shumg,58.0
1775290611.3984413,luxg,1200
1775290733.6783836,tempg,23.0
1775290733.7298555,humg,48.5
1775290733.735626,shumg,57.5
1775290733.7415087,luxg,1200
1775290855.909423,tempg,23.2
1775290855.957135,humg,48.2
1775290855.9649408,shumg,57.0
1775290855.9738204,luxg,1200
1775290976.496298,tempg,23.4
1775290976.5410755,humg,47.9
1775290976.5468163,shumg,56.5
1775290976.5530179,luxg,1200
1775291098.5797572,tempg,23.6
1775291098.640741,humg,47.6
1775291098.6456244,shumg,56.0
1775291098.6494665,luxg,1200
1775291220.968322,tempg,23.8
1775291221.0093606,humg,47.3
1775291221.014347,shumg,55.5
1775291221.0222497,luxg,1200
1775291342.7995434,tempg,24.0
1775291342.8492029,humg,47.0
1775291342.854317,shumg,55.0
1775291342.8599246,luxg,1200
1775291465.3114212,tempg,24.2
1775291465.3601556,humg,46.7
1775291465.365627,shumg,54.5
1775291465.370934,luxg,1200
1775291588.0392535,tempg,24.4
1775291588.0870762,humg,46.4
1775291588.0920632,shumg,54.0
1775291588.09721,luxg,1200
1775291710.0778022,tempg,24.6
1775291710.1250086,humg,46.1
1775291710.1305516,shumg,53.5
1775291710.1372685,luxg,1200
1775291832.8917418,tempg,24.8
1775291832.9380414,humg,45.8
1775291832.9437962,shumg,53.0
1775291832.949298,luxg,1200
1775291955.6107442,tempg,25.0
1775291955.6565144,humg,45.5
1775291955.6608968,shumg,52.5
1775291955.665865,luxg,1200
1775292077.6259737,tempg,25.2
1775292077.6701794,humg,45.2
1775292077.6754391,shumg,52.0
1775292077.681618,luxg,1200
1775292200.198764,tempg,25.4
1775292200.2423248,humg,44.9
1775292200.248278,shumg,51.5
1775292200.253531,luxg,1200
1775292322.6658232,tempg,25.6
1775292322.7084367,humg,44.6
1775292322.71377,shumg,51.0
1775292322.719557,luxg,1200
1775292445.3048348,tempg,25.8
1775292445.3453321,humg,44.3
1775292445.3512602,shumg,50.5
1775292445.3580444,luxg,1200
1775292567.442589,tempg,26.0
1775292567.4930062,humg,44.0
1775292567.4968438,shumg,50.0
1775292567.501136,luxg,1200
1775292690.8084605,tempg,26.2
1775292690.858617,humg,43.7
1775292690.8634377,shumg,49.5
1775292690.8687258,luxg,1200
1775292813.8102427,tempg,26.4
1775292813.8586738,humg,43.4
1775292813.8651223,shumg,49.0
1775292813.8717806,luxg,1200
1775292905.1507037,tempg,22.2
1775292905.1576862,humg,49.7
1775292905.1646152,shumg,59.5
1775292905.1704707,luxg,1200
1775292997.4400675,tempg,22.4
1775292997.7759528,humg,49.4
1775292997.7822886,shumg,59.0
1775292997.7885978,luxg,1200
1775293089.7240953,tempg,22.6
1775293089.7724984,humg,49.1
1775293089.778705,shumg,58.5
1775293089.785124,luxg,1200
1775293182.1281793,tempg,22.8
1775293182.176206,humg,48.8
1775293182.1813118,shumg,58.0
1775293182.1859143,luxg,1200
1775293273.808942,tempg,23.0
1775293273.8554037,humg,48.5
1775293273.8615162,shumg,57.5
1775293273.8679383,luxg,1200
1775293366.547209,tempg,23.2
1775293366.5921412,humg,48.2
1775293366.5994723,shumg,57.0
1775293366.605827,luxg,1200
1775293459.2955618,tempg,23.4
1775293459.3395996,humg,47.9
1775293459.3458822,shumg,56.5
1775293459.352779,luxg,1200
1775293550.6487179,tempg,23.6
1775293550.686969,humg,47.6
1775293550.6943965,shumg,56.0
1775293550.7008798,luxg,1200
1775293642.14232,tempg,23.8
1775293642.1854298,humg,47.3
1775293642.1909022,shumg,55.5
1775293642.1979058,luxg,1200
1775293733.8845832,tempg,24.0
1775293733.9260044,humg,47.0
1775293733.9322321,shumg,55.0
1775293733.93854,luxg,1200
1775293825.852329,tempg,24.2
1775293825.8930962,humg,46.7
1775293825.8995087,shumg,54.5
1775293825.9061403,luxg,1200
1775293917.4058547,tempg,24.4
1775293917.4462762,humg,46.4
1775293917.453771,shumg,54.0
1775293917.4590883,luxg,1200
1775293952.585578,statusg,31
1775294009.9027221,tempg,24.6
1775294009.9517832,humg,46.1
1775294009.9584725,shumg,59.0
1775294009.965925,luxg,1200
1775294101.9076674,tempg,24.8
1775294101.9556541,humg,45.8
1775294101.9616654,shumg,64.0
1775294101.9675412,luxg,1200
1775294194.0390046,tempg,25.0
1775294194.0858593,humg,45.5
1775294194.0915694,shumg,69.0
1775294194.0977178,luxg,1200
1775294285.5034873,tempg,25.2
1775294285.5494676,humg,45.2
1775294285.555473,shumg,74.0
1775294285.5623236,luxg,1200
1775294377.684871,tempg,25.4
1775294377.730478,humg,44.9
1775294377.7361956,shumg,79.0
1775294377.7423666,luxg,1200
1775294470.0357063,tempg,25.6
1775294470.0805278,humg,44.6
1775294470.0857792,shumg,84.0
1775294470.0919187,luxg,1200
1775294562.6083066,tempg,25.8
1775294562.6524634,humg,44.3
1775294562.658559,shumg,89.0
1775294562.6648977,luxg,1200
1775294655.266967,tempg,26.0
1775294655.3103712,humg,44.0
1775294655.3156226,shumg,94.0
1775294655.321054,luxg,1200
1775294747.101243,tempg,26.2
1775294747.1431494,humg,43.7
1775294747.1496778,shumg,99.0
1775294747.155919,luxg,1200
1775294885.3250992,tempg,22.4
1775294885.383317,humg,49.4
1775294885.3884459,shumg,59.0
1775294885.3929343,luxg,1200
1775294977.8803217,tempg,22.6
1775294977.9223876,humg,49.1
1775294977.9290707,shumg,58.5
1775294977.9362104,luxg,1200
1775295070.4202936,tempg,22.8
1775295070.4607995,humg,48.8
1775295070.4669044,shumg,58.0
1775295070.473275,luxg,1200
1775383927.006309,tempg,23.0
1775383927.3135147,humg,48.5
1775383927.3178542,shumg,57.5
1775383927.3220494,luxg,1200
1775383987.0040548,tempg,23.2
1775383987.0507722,humg,48.2
1775383987.0530374,shumg,57.0
1775383987.0555413,luxg,1200
1775384047.0069542,tempg,23.4
1775384047.0533788,humg,47.9
1775384047.0574775,shumg,56.5
1775384047.061875,luxg,1200
1775384107.008064,tempg,23.6
1775384107.0509539,humg,47.6
1775384107.0533438,shumg,56.0
1775384107.056041,luxg,1200
1775384167.0088809,tempg,23.8
1775384167.0523524,humg,47.3
1775384167.0579088,shumg,55.5
1775384167.0626,luxg,1200
1775384227.0095603,tempg,24.0
1775384227.0520022,humg,47.0
1775384227.0564718,shumg,55.0
1775384227.0605452,luxg,1200
1775384287.0111353,tempg,24.2
1775384287.0523925,humg,46.7
1775384287.0568357,shumg,54.5
1775384287.0611973,luxg,1200
1775384347.0151613,tempg,24.4
1775384347.0634313,humg,46.4
1775384347.0679016,shumg,54.0
1775384347.0732977,luxg,1200
1775384407.0166507,tempg,24.6
1775384407.0645492,humg,46.1
1775384407.387587,shumg,53.5
1775384407.3919778,luxg,1200
1775384467.017216,tempg,24.8
1775384467.0633774,humg,45.8
1775384467.067693,shumg,53.0
1775384467.072018,luxg,1200
1775384527.0185733,tempg,25.0
1775384527.0634477,humg,45.5
1775384527.0682724,shumg,52.5
1775384527.0732322,luxg,1200
1775384587.0184662,tempg,25.2
1775384587.0624132,humg,45.2
1775384587.0673013,shumg,52.0
1775384587.0716395,luxg,1200
1775384647.0202632,tempg,25.4
1775384647.0721786,humg,44.9
1775384647.076356,shumg,51.5
1775384647.0807512,luxg,1200
1775384707.0202923,tempg,25.6
1775384707.0633347,humg,44.6
1775384707.0675015,shumg,51.0
1775384707.0716279,luxg,1200
1775384767.0209208,tempg,25.8
1775384767.0635324,humg,44.3
1775384767.069471,shumg,50.5
1775384767.0744345,luxg,1200
1775384827.0227575,tempg,26.0
1775384827.063489,humg,44.0
1775384827.0681753,shumg,50.0
1775384827.073441,luxg,1200
1775384887.0244946,tempg,26.2
1775384887.5185564,humg,43.7
1775384887.523616,shumg,49.5
1775384887.5280516,luxg,1200
1775384947.0243607,tempg,26.4
1775384947.0728345,humg,43.4
1775384947.0776353,shumg,49.0
1775384947.081867,luxg,1200
1775385007.0245295,tempg,26.6
1775385007.0730536,humg,43.1
1775385007.0780668,shumg,48.5
1775385007.0835528,luxg,1200
1775385067.0254838,tempg,26.8
1775385067.071722,humg,42.8
1775385067.0757427,shumg,48.0
1775385067.0799975,luxg,1200
1775385127.0260577,tempg,27.0
1775385127.072781,humg,42.5
1775385127.077378,shumg,47.5
1775385127.0823643,luxg,1200
1775385187.0277433,tempg,27.2
1775385187.0728393,humg,42.2
1775385187.077557,shumg,47.0
1775385187.0819283,luxg,1200
1775385247.0318637,tempg,27.4
1775385247.0733461,humg,41.9
1775385247.077505,shumg,46.5
1775385247.0822265,luxg,1200
1775385307.0333343,tempg,27.6
1775385307.074619,humg,41.6
1775385307.0800014,shumg,46.0
1775385307.0844371,luxg,1200
1775385367.0332353,tempg,27.8
1775385367.0833647,humg,41.3
1775385367.0875602,shumg,45.5
1775385367.0918584,luxg,1200
1775385427.0346837,tempg,28.0
1775385427.0833337,humg,41.0
1775385427.0880811,shumg,45.0
1775385427.092684,luxg,1200
1775385487.035359,tempg,28.2
1775385487.0830426,humg,40.7
1775385487.0882297,shumg,44.5
1775385487.092511,luxg,1200
1775385547.0357466,tempg,28.4
1775385547.0833848,humg,40.4
1775385547.0895398,shumg,44.0
1775385547.0947087,luxg,1200
1775385607.0365217,tempg,28.6
1775385607.0826144,humg,40.1
1775385607.0868332,shumg,43.5
1775385607.0911546,luxg,1200
1775385667.0377743,tempg,28.8
1775385667.0820985,humg,39.8
1775385667.0866873,shumg,43.0
1775385667.090662,luxg,1200
1775385727.0379963,tempg,29.0
1775385727.0823035,humg,39.5
1775385727.0869553,shumg,42.5
1775385727.0918405,luxg,1200
1775385787.0387173,tempg,29.2
1775385787.0829787,humg,39.2
1775385787.0872834,shumg,42.0
1775385787.0917358,luxg,1200
1775385847.0406027,tempg,29.4
1775385847.0826254,humg,38.9
1775385847.087435,shumg,41.5
1775385847.0926726,luxg,1200
1775385907.0405908,tempg,29.6
1775385907.0829346,humg,38.6
1775385907.08813,shumg,41.0
1775385907.092708,luxg,1200
1775385967.0415785,tempg,29.8
1775385967.082669,humg,38.3
1775385967.0873837,shumg,40.5
1775385967.0922139,luxg,1200
1775386027.0421834,tempg,30.0
1775386027.0830536,humg,38.0
1775386027.0881996,shumg,40.0
1775386027.0929813,luxg,1200
1775386087.0450687,tempg,30.2
1775386087.0939486,humg,37.7
1775386087.0991073,shumg,39.5
1775386087.1041474,luxg,1200
1775386147.046149,tempg,30.4
1775386147.0922065,humg,37.4
1775386147.0962086,shumg,39.0
1775386147.1004598,luxg,1200
1775386207.047054,tempg,30.6
1775386207.092832,humg,37.1
1775386207.0970888,shumg,38.5
1775386207.1012738,luxg,1200
1775386267.047856,tempg,30.8
1775386267.0929365,humg,36.8
1775386267.0972672,shumg,38.0
1775386267.1014326,luxg,1200
1775386327.0481095,tempg,31.0
1775386327.0923975,humg,36.5
1775386327.0967097,shumg,37.5
1775386327.1011593,luxg,1200
1775386387.0496829,tempg,31.2
1775386387.1024945,humg,36.2
1775386387.1074636,shumg,37.0
1775386387.1123576,luxg,1200
1775386447.0504882,tempg,31.4
1775386447.1027112,humg,35.9
1775386447.107825,shumg,36.5
1775386447.1126907,luxg,1200
1775386507.0532737,tempg,31.6
1775386507.1034052,humg,35.6
1775386507.107684,shumg,36.0
1775386507.1124768,luxg,1200
1775387490.263787,tempg,31.8
1775387490.4299998,humg,35.3
1775387490.5848098,shumg,35.5
1775387490.6056566,luxg,1200
1775387550.1243927,tempg,32.0
1775387550.1643672,humg,35.0
1775387550.1682737,shumg,35.0
1775387550.1708257,luxg,1200
1775387610.1280627,tempg,32.2
1775387610.1765537,humg,34.7
1775387610.1815863,shumg,34.5
1775387610.1867023,luxg,1200
1775387670.1273313,tempg,32.4
1775387670.174603,humg,34.4
1775387670.1783435,shumg,34.0
1775387670.1818938,luxg,1200
1775387730.128989,tempg,32.6
1775387730.1749237,humg,34.1
1775387730.179227,shumg,33.5
1775387730.1837,luxg,1200
1775387790.127414,tempg,32.8
1775387790.1737258,humg,33.8
1775387790.1766965,shumg,33.0
1775387790.1800795,luxg,1200
1775387850.1292124,tempg,33.0
1775387850.1739953,humg,33.5
1775387850.1765602,shumg,32.5
1775387850.1792014,luxg,1200
1775387910.130757,tempg,33.2
1775387910.1754527,humg,33.2
1775387910.179825,shumg,32.0
1775387910.1841328,luxg,1200
1775387970.1319535,tempg,33.4
1775387970.175817,humg,32.9
1775387970.1800866,shumg,31.5
1775387970.1851974,luxg,1200
1775388030.1421857,tempg,33.6
1775388030.186307,humg,32.6
1775388030.1903522,shumg,31.0
1775388030.1947188,luxg,1200
1775388090.1427584,tempg,33.8
1775388090.1852698,humg,32.3
1775388090.1894658,shumg,30.5
1775388090.1935804,luxg,1200
1775388150.143634,tempg,34.0
1775388150.1849594,humg,32.0
1775388150.189006,shumg,30.0
1775388150.1933596,luxg,1200
1775388210.1437378,tempg,34.2
1775388210.1854124,humg,31.7
1775388210.1899264,shumg,29.5
1775388210.194941,luxg,1200
1775388271.110348,tempg,34.4
1775388271.1499832,humg,31.4
1775388271.152944,shumg,29.0
1775388271.15573,luxg,1200
1775388331.1114872,tempg,34.6
1775388331.1615176,humg,31.1
1775388331.1663666,shumg,28.5
1775388331.1710017,luxg,1200
1775388391.5188985,tempg,34.8
1775388391.566202,humg,30.8
1775388391.570573,shumg,28.0
1775388391.5749218,luxg,1200
1775389804.842361,tempg,24.0
1775389804.8819273,humg,47.0
1775389804.8860526,shumg,55.0
1775389804.8898168,luxg,1200
1775389865.9121451,tempg,24.2
1775389865.9594965,humg,46.7
1775389865.9638467,shumg,54.5
1775389865.9677703,luxg,1200
1775389927.0142264,tempg,24.4
1775389927.0617695,humg,46.4
1775389927.0653396,shumg,54.0
1775389927.069024,luxg,1200
1775389988.0984159,tempg,24.6
1775389988.1438057,humg,46.1
1775389988.1485267,shumg,53.5
1775389988.1529775,luxg,1200
1775390049.1735206,tempg,24.8
1775390049.2184598,humg,45.8
1775390049.2227387,shumg,53.0
1775390049.2272182,luxg,1200
1775390072.138143,statusg,51
1775390110.2567356,tempg,23.8
1775390110.2601883,humg,45.5
1775390110.2633965,shumg,52.5
1775390110.266818,luxg,1200
1775390171.3221211,tempg,22.8
1775390171.3653562,humg,45.2
1775390171.3684533,shumg,52.0
1775390171.3705897,luxg,1200
1775390232.3958135,tempg,21.8
1775390232.436917,humg,44.9
1775390232.4406474,shumg,51.5
1775390232.444431,luxg,1200
1775390292.9034524,tempg,20.8
1775390292.9440384,humg,44.6
1775390292.9475827,shumg,51.0
1775390292.950686,luxg,1200
1775390353.8612978,tempg,19.8
1775390353.9115145,humg,44.3
1775390353.9146872,shumg,50.5
1775390353.9178753,luxg,1200
1775390413.8627353,tempg,18.8
1775390413.909923,humg,44.0
1775390413.914201,shumg,50.0
1775390413.9179802,luxg,1200
1775390473.8656385,tempg,17.8
1775390473.9112103,humg,43.7
1775390473.915914,shumg,49.5
1775390473.92092,luxg,1200
1775390533.8655014,tempg,16.8
1775390533.9111776,humg,43.4
1775390533.9153528,shumg,49.0
1775390533.919616,luxg,1200
1775390593.868066,tempg,15.8
1775390593.9119754,humg,43.1
1775390593.9168892,shumg,48.5
1775390593.9220173,luxg,1200
1775390653.886722,tempg,14.8
1775390653.9328187,humg,42.8
1775390653.93742,shumg,48.0
1775390653.9419613,luxg,1200
1775390713.8862877,tempg,13.8
1775390713.930571,humg,42.5
1775390713.9351814,shumg,47.5
1775390713.9402523,luxg,1200
1775390774.3123064,tempg,12.8
1775390774.3552527,humg,42.2
1775390774.358995,shumg,47.0
1775390774.3628407,luxg,1200
1775390834.313124,tempg,11.8
1775390834.3555758,humg,41.9
1775390834.3597553,shumg,46.5
1775390834.3638806,luxg,1200
1775390894.313637,tempg,10.8
1775390894.3555276,humg,41.6
1775390894.3601923,shumg,46.0
1775390894.3644485,luxg,1200
1775390954.7171583,tempg,9.8
1775390954.7574978,humg,41.3
1775390954.7619548,shumg,45.5
1775390954.76604,luxg,1200
1775390995.5294735,statusg,21
1775390995.533651,statusg,31
1775390995.577247,statusg,41
1775390995.5815399,statusg,51
1775391015.1386225,tempg,8.8
1775391015.1430428,humg,44.3
1775391015.1475973,shumg,50.5
1775391015.1518996,luxg,21927
1775391075.5574772,tempg,7.8
1775391075.606534,humg,47.3
1775391075.611006,shumg,55.5
1775391075.6158066,luxg,26527
1775391136.0076883,tempg,6.8
1775391136.0556622,humg,50.3
1775391136.0602422,shumg,60.5
1775391136.0650113,luxg,9664
1775391196.9240904,tempg,5.8
1775391196.9708323,humg,53.3
1775391196.9755676,shumg,65.5
1775391196.980534,luxg,26947
1775391257.8558886,tempg,4.8
1775391257.902791,humg,56.3
1775391257.907097,shumg,70.5
1775391257.9115927,luxg,23786
1775391318.8226047,tempg,3.8
1775391318.8687053,humg,59.3
1775391318.8729658,shumg,75.5
1775391318.877221,luxg,15727
1775391379.8125772,tempg,2.8
1775391379.8576899,humg,62.3
1775391379.8623836,shumg,80.5
1775391379.8671122,luxg,29681
1775391440.8663883,tempg,1.8
1775391440.9113276,humg,65.3
1775391440.9156034,shumg,85.5
1775391440.919749,luxg,39018
1775391501.9324062,tempg,0.8
1775391501.9770699,humg,68.3
1775391501.981998,shumg,90.5
1775391501.9869435,luxg,3923
1775391562.4744594,tempg,-0.2
1775391562.5173233,humg,71.3
1775391562.5214012,shumg,95.5
1775391562.5257618,luxg,8903
1775391623.5538542,tempg,-1.2
1775391623.5962799,humg,74.3
1775391623.6008809,shumg,100.5
1775391623.6058612,luxg,9626
1775391684.644523,tempg,-2.2
1775391684.687319,humg,77.3
1775391684.692024,shumg,105.5
1775391684.6961858,luxg,25843
1775391745.7610304,tempg,-3.2
1775391745.8020976,humg,80.3
1775391745.8062322,shumg,110.5
1775391745.810526,luxg,33068
1775391806.8691416,tempg,-4.2
1775391806.9090266,humg,83.3
1775391806.9136298,shumg,115.5
1775391806.9183118,luxg,12255
1775391868.0039372,tempg,-5.2
1775391868.0440495,humg,86.3
1775391868.0489256,shumg,120.5
1775391868.0536633,luxg,22950
1775391921.810832,statusg,30
1775391921.8158963,statusg,20
1775391929.175732,tempg,-6.2
1775391929.179995,humg,89.3
1775391929.184407,shumg,120.0
1775391929.1891575,luxg,1200
1775391989.7820501,tempg,-7.2
1775391989.829743,humg,92.3
1775391989.834713,shumg,119.5
1775391989.8394263,luxg,1200
1775392050.987915,tempg,-8.2
1775392051.0339644,humg,95.3
1775392051.038435,shumg,119.0
1775392051.0425653,luxg,1200
1775392112.1973739,tempg,-9.2
1775392112.2436068,humg,98.3
1775392112.2478936,shumg,118.5
1775392112.2520752,luxg,1200
1775392173.4572954,tempg,-10.2
1775392173.502993,humg,101.3
1775392173.5076823,shumg,118.0
1775392173.5123992,luxg,1200
1775392234.6958263,tempg,-11.2
1775392234.740595,humg,104.3
1775392234.744492,shumg,117.5
1775392234.7485895,luxg,1200
1775393421.677374,tempg,-12.2
1775393421.7201867,humg,107.3
1775393421.7245111,shumg,117.0
1775393421.7288258,luxg,1200
1775393482.218472,tempg,-13.2
1775393482.2615442,humg,110.3
1775393482.265613,shumg,116.5
1775393482.2701406,luxg,1200
1775393542.219633,tempg,-14.2
1775393542.2606246,humg,113.3
1775393542.2653046,shumg,116.0
1775393542.269571,luxg,1200
1775393602.2195468,tempg,-15.2
1775393602.2602844,humg,116.3
1775393602.2648807,shumg,115.5
1775393602.2693386,luxg,1200
1775393662.22049,tempg,-16.2
1775393662.2704678,humg,119.3
1775393662.275539,shumg,115.0
1775393662.280258,luxg,1200
1775393722.2221494,tempg,-17.2
1775393722.2704978,humg,122.3
1775393722.2747986,shumg,114.5
1775393722.2790344,luxg,1200
1775393782.2235212,tempg,-18.2
1775393782.2706773,humg,125.3
1775393782.275408,shumg,114.0
1775393782.2803695,luxg,1200
1775393842.2293077,tempg,-19.2
1775393842.2716758,humg,128.3
1775393842.2765968,shumg,113.5
1775393842.2816906,luxg,1200
1775393902.2379663,tempg,-20.2
1775393902.2815826,humg,131.3
1775393902.286255,shumg,113.0
1775393902.2914782,luxg,1200
1775393962.2381186,tempg,-21.2
1775393962.2804973,humg,134.3
1775393962.285085,shumg,112.5
1775393962.2897587,luxg,1200
1775393972.8741999,statusg,21
1775394022.2390578,tempg,-22.2
1775394022.2432258,humg,137.3
1775394022.2474005,shumg,112.0
1775394022.2518246,luxg,30761
1775394082.2403564,tempg,-23.2
1775394082.2906759,humg,140.3
1775394082.2949078,shumg,111.5
1775394082.299217,luxg,25871
1775394142.241514,tempg,-24.2
1775394142.290328,humg,143.3
1775394142.2952857,shumg,111.0
1775394142.300136,luxg,18055
1775394202.2416399,tempg,-25.2
1775394202.2908108,humg,146.3
1775394202.2960582,shumg,110.5
1775394202.3011518,luxg,7350
1775394262.248515,tempg,-26.2
1775394262.2910862,humg,149.3
1775394262.2963994,shumg,110.0
1775394262.3005607,luxg,4129
1775394322.2514772,tempg,-27.2
1775394322.3012996,humg,152.3
1775394322.3061008,shumg,109.5
1775394322.3114552,luxg,39233
1775394382.2521117,tempg,-28.2
1775394382.300711,humg,155.3
1775394382.3061566,shumg,109.0
1775394382.311033,luxg,14463
1775394442.2527869,tempg,-29.2
1775394442.3010404,humg,158.3
1775394442.3056686,shumg,108.5
1775394442.310536,luxg,38680
1775394502.254242,tempg,-30.2
1775394502.2999675,humg,161.3
1775394502.3047512,shumg,108.0
1775394502.3098445,luxg,21405
1775394562.254904,tempg,-31.2
1775394562.3015926,humg,164.3
1775394562.306244,shumg,107.5
1775394562.3111546,luxg,25133
1775394622.2561965,tempg,-32.2
1775394622.300806,humg,167.3
1775394622.305926,shumg,107.0
1775394622.3102045,luxg,22431
1775394682.261391,tempg,-33.2
1775394682.3013997,humg,170.3
1775394682.3060946,shumg,106.5
1775394682.3102849,luxg,17109
1775394742.2720745,tempg,-34.2
1775394742.3218622,humg,173.3
1775394742.3268616,shumg,106.0
1775394742.3318381,luxg,17081
1775394802.2722003,tempg,-35.2
1775394802.3206317,humg,176.3
1775394802.325218,shumg,105.5
1775394802.3302321,luxg,38295
1775394862.2741296,tempg,-36.2
1775394862.3203378,humg,179.3
1775394862.3253653,shumg,105.0
1775394862.3302457,luxg,7816
1775394889.5645666,statusg,51
1775394922.2747788,tempg,-37.2
1775394922.2799194,humg,182.3
1775394922.2850723,shumg,104.5
1775394922.290051,luxg,6628
1775394982.2747858,tempg,-38.2
1775394982.3210218,humg,185.3
1775394982.325316,shumg,104.0
1775394982.3295367,luxg,25749
1775395042.276381,tempg,-39.2
1775395042.3200579,humg,188.3
1775395042.3237336,shumg,103.5
1775395042.327621,luxg,39614
1775395102.2764506,tempg,-40.2
1775395102.3204448,humg,191.3
1775395102.3244631,shumg,103.0
1775395102.3284206,luxg,18195
1775395162.2769835,tempg,-41.2
1775395162.3202052,humg,194.3
1775395162.3237703,shumg,102.5
1775395162.3274567,luxg,11333
1775395222.278057,tempg,-42.2
1775395222.3199737,humg,197.3
1775395222.323551,shumg,102.0
1775395222.3273168,luxg,30787
1775395282.2799392,tempg,-43.2
1775395282.3201334,humg,200.3
1775395282.3235095,shumg,101.5
1775395282.3266733,luxg,11262
1775395342.281238,tempg,-44.2
1775395342.3304164,humg,203.3
1775395342.335089,shumg,101.0
1775395342.3391795,luxg,3249
1775395402.2819338,tempg,-45.2
1775395402.3305497,humg,206.3
1775395402.3346138,shumg,100.5
1775395402.3388026,luxg,34944
1775395462.283145,tempg,-46.2
1775395462.3307462,humg,209.3
1775395462.3348482,shumg,100.0
1775395462.33906,luxg,37989
1775395522.2993453,tempg,-47.2
1775395522.3427055,humg,212.3
1775395522.347968,shumg,99.5
1775395522.3522775,luxg,30604
1775395582.2994964,tempg,-48.2
1775395582.3405857,humg,215.3
1775395582.3452537,shumg,99.0
1775395582.3501937,luxg,21061
1775395642.3000987,tempg,-49.2
1775395642.3403056,humg,218.3
1775395642.344754,shumg,98.5
1775395642.348934,luxg,24911
1775395702.3115401,tempg,-50.2
1775395702.3612967,humg,221.3
1775395702.3656616,shumg,98.0
1775395702.369913,luxg,11394
1775395762.3134782,tempg,-51.2
1775395762.3608382,humg,224.3
1775395762.365679,shumg,97.5
1775395762.370428,luxg,19375
1775395803.4104683,statusg,21
1775395803.4153738,statusg,30
1775395803.4600887,statusg,50
1775395803.4641137,statusg,40
1775395822.313439,tempg,-51.0
1775395822.3182411,humg,224.0
1775395822.323062,shumg,97.0
1775395822.3273392,luxg,33732
1775395882.3134763,tempg,-50.8
1775395882.3610158,humg,223.7
1775395882.3653498,shumg,96.5
1775395882.3697152,luxg,38146
1775395942.3146813,tempg,-50.6
1775395942.3603957,humg,223.4
1775395942.364943,shumg,96.0
1775395942.3690443,luxg,10441
1775396002.3153439,tempg,-50.4
1775396002.360585,humg,223.1
1775396002.3651898,shumg,95.5
1775396002.3701825,luxg,34812
1775396062.3161867,tempg,-50.2
1775396062.3607717,humg,222.8
1775396062.3653872,shumg,95.0
1775396062.3697116,luxg,28219
1775396122.3171792,tempg,-50.0
1775396122.3604848,humg,222.5
1775396122.3647091,shumg,94.5
1775396122.3689036,luxg,5034
1775396182.3182938,tempg,-49.8
1775396182.3606517,humg,222.2
1775396182.3652818,shumg,94.0
1775396182.3699594,luxg,19602
1775396242.319674,tempg,-49.6
1775396242.3605378,humg,221.9
1775396242.3651876,shumg,93.5
1775396242.369529,luxg,28265
1775396302.3215299,tempg,-49.4
1775396302.3609471,humg,221.6
1775396302.3658633,shumg,93.0
1775396302.3707566,luxg,35360
1775396362.321302,tempg,-49.2
1775396362.3709817,humg,221.3
1775396362.375675,shumg,92.5
1775396362.3804808,luxg,14440
1775396422.3219435,tempg,-49.0
1775396422.3704963,humg,221.0
1775396422.375106,shumg,92.0
1775396422.3800688,luxg,34167
1775396482.323154,tempg,-48.8
1775396482.3712626,humg,220.7
1775396482.3759387,shumg,91.5
1775396482.380274,luxg,16860
1775396542.3273573,tempg,-48.6
1775396542.370494,humg,220.4
1775396542.3742359,shumg,91.0
1775396542.377995,luxg,18730
1775396602.3281748,tempg,-48.4
1775396602.3710902,humg,220.1
1775396602.375286,shumg,90.5
1775396602.37982,luxg,2376
1775396662.3323376,tempg,-48.2
1775396662.3816109,humg,219.8
1775396662.3862562,shumg,90.0
1775396662.3905282,luxg,24593
1775396717.148893,statusg,30
1775396717.1523578,statusg,21
1775396717.1892965,statusg,50
1775396717.1925185,statusg,40
1775396722.3313236,tempg,-48.0
1775396722.3344588,humg,219.5
1775396722.3374467,shumg,89.5
1775396722.3409045,luxg,31036
1775396782.3334405,tempg,-47.8
1775396782.3379993,humg,219.2
1775396782.3423183,shumg,89.0
1775396782.346197,luxg,11807
1775398901.0003743,tempg,-47.6
1775398901.0455508,humg,218.9
1775398901.0509405,shumg,88.5
1775398901.055212,luxg,39010
1775398964.1624389,tempg,-47.4
1775398964.2064364,humg,218.6
1775398964.210687,shumg,88.0
1775398964.2148786,luxg,11031
1775399027.05951,tempg,-47.2
1775399027.1039593,humg,218.3
1775399027.1083314,shumg,87.5
1775399027.1124763,luxg,14704
1775399088.5940213,tempg,-47.0
1775399088.6360564,humg,218.0
1775399088.6407814,shumg,87.0
1775399088.6450918,luxg,24734
1775399151.8341274,tempg,-46.8
1775399151.8754504,humg,217.7
1775399151.8796203,shumg,86.5
1775399151.8836677,luxg,3015
1775399215.341268,tempg,-46.6
1775399215.3823855,humg,217.4
1775399215.3874416,shumg,86.0
1775399215.3921483,luxg,11633
1775399278.583074,tempg,-46.4
1775399278.6227467,humg,217.1
1775399278.6265492,shumg,85.5
1775399278.6307178,luxg,17912
1775399341.9083953,tempg,-46.2
1775399341.9574978,humg,216.8
1775399341.961188,shumg,85.0
1775399341.966099,luxg,39020
1775399405.293304,tempg,-46.0
1775399405.3435323,humg,216.5
1775399405.3482633,shumg,84.5
1775399405.3527598,luxg,3052
1775399468.9083776,tempg,-45.8
1775399468.9556792,humg,216.2
1775399468.9599624,shumg,84.0
1775399469.001778,luxg,17892
1775399530.5984626,tempg,-45.6
1775399530.6456485,humg,215.9
1775399530.648129,shumg,83.5
1775399530.6514454,luxg,30808
1775399593.9421275,tempg,-45.4
1775399593.9882,humg,215.6
1775399593.9923618,shumg,83.0
1775399593.9966698,luxg,7536
1775399657.2914717,tempg,-45.2
1775399657.336014,humg,215.3
1775399657.3399653,shumg,82.5
1775399657.343896,luxg,14231
1775399720.6595361,tempg,-45.0
1775399720.7038026,humg,215.0
1775399720.7078097,shumg,82.0
1775399720.7115672,luxg,22259
1775399730.0981753,statusg,30
1775399730.1031964,statusg,51
1775399784.0221221,tempg,-46.0
1775399784.0261793,humg,214.7
1775399784.031091,shumg,81.5
1775399784.0356808,luxg,21858
1775399847.3943157,tempg,-47.0
1775399847.437769,humg,214.4
1775399847.4416535,shumg,81.0
1775399847.4455426,luxg,7781
1775399910.760409,tempg,-48.0
1775399910.8035288,humg,214.1
1775399910.8079562,shumg,80.5
1775399910.8123908,luxg,17237
1775399974.3354843,tempg,-49.0
1775399974.3785777,humg,213.8
1775399974.3831265,shumg,80.0
1775399974.3873682,luxg,39434
1775400035.9773247,tempg,-50.0
1775400036.01973,humg,213.5
1775400036.0241058,shumg,79.5
1775400036.0283442,luxg,21813
1775400099.5349276,tempg,-51.0
1775400099.5754015,humg,213.2
1775400099.5800917,shumg,79.0
1775400099.584261,luxg,13530
1775400163.1665046,tempg,-52.0
1775400163.2076015,humg,212.9
1775400163.2114904,shumg,78.5
1775400163.2154365,luxg,39729
1775400227.1216807,tempg,-53.0
1775400227.1616144,humg,212.6
1775400227.1656394,shumg,78.0
1775400227.1696932,luxg,3667
1775400291.293208,tempg,-54.0
1775400291.3421028,humg,212.3
1775400291.3459947,shumg,77.5
1775400291.3498359,luxg,38915
1775400355.8197415,tempg,-55.0
1775400355.8687878,humg,212.0
1775400355.8734965,shumg,77.0
1775400355.8782794,luxg,33764
1775400420.114403,tempg,-56.0
1775400420.1632438,humg,211.7
1775400420.1675234,shumg,76.5
1775400420.1718383,luxg,23031
1775400482.536813,tempg,-57.0
1775400482.584688,humg,211.4
1775400482.588826,shumg,76.0
1775400482.5926564,luxg,29241
1775400547.1068747,tempg,-58.0
1775400547.1537886,humg,211.1
1775400547.1581774,shumg,75.5
1775400547.1621263,luxg,19351
1775400611.6878457,tempg,-59.0
1775400611.7351253,humg,210.8
1775400611.7392092,shumg,75.0
1775400611.7431023,luxg,30254
1775400676.1863863,tempg,-60.0
1775400676.2321339,humg,210.5
1775400676.2360647,shumg,74.5
1775400676.2398071,luxg,31957
1775400701.6764727,statusg,50
1775400701.6806521,statusg,21
1775400701.7161412,statusg,30
1775400701.7198644,statusg,40
1775400740.7121649,tempg,-59.8
1775400740.7167277,humg,210.2
1775400740.721195,shumg,74.0
1775400740.726064,luxg,14053
1775400805.0570936,tempg,-59.6
1775400805.102134,humg,209.9
1775400805.1054273,shumg,73.5
1775400805.1088438,luxg,25573
1775400869.329818,tempg,-59.4
1775400869.3773568,humg,209.6
1775400869.381709,shumg,73.0
1775400869.3877125,luxg,28303
1775400931.5014782,tempg,-59.2
1775400931.545824,humg,209.3
1775400931.5503452,shumg,72.5
1775400931.554838,luxg,21693
1775400995.735037,tempg,-59.0
1775400995.7764077,humg,209.0
1775400995.7811387,shumg,72.0
1775400995.7859726,luxg,3733
1775401057.7023606,tempg,-58.8
1775401057.7438602,humg,208.7
1775401057.7476938,shumg,71.5
1775401057.7514071,luxg,2490
1775401119.443024,tempg,-58.6
1775401119.4954147,humg,208.4
1775401119.4998367,shumg,71.0
1775401119.5048406,luxg,34525
1775401182.0091016,tempg,-58.4
1775401182.056754,humg,208.1
1775401182.0610206,shumg,70.5
1775401182.064928,luxg,16514
1775401244.8308148,tempg,-58.2
1775401244.8779876,humg,207.8
1775401244.8825948,shumg,70.0
1775401244.8874176,luxg,38789
1775401307.7469008,tempg,-58.0
1775401307.7939367,humg,207.5
1775401307.7984166,shumg,69.5
1775401307.803235,luxg,21676
1775401369.309075,tempg,-57.8
1775401369.3545508,humg,207.2
1775401369.3590531,shumg,69.0
1775401369.363775,luxg,16774
1775401432.6174297,tempg,-57.6
1775401432.7107205,humg,206.9
1775401432.7153697,shumg,68.5
1775401432.7203171,luxg,35219
1775401495.6890488,tempg,-57.4
1775401495.730004,humg,206.6
1775401495.7345278,shumg,68.0
1775401495.7392085,luxg,21672
1775401558.7471697,tempg,-57.2
1775401558.788757,humg,206.3
1775401558.7939582,shumg,67.5
1775401558.7981856,luxg,6387
1775401621.8089771,tempg,-57.0
1775401621.8498616,humg,206.0
1775401621.8534794,shumg,67.0
1775401621.8575156,luxg,11640
1775401664.464092,statusg,30
1775401664.4679987,statusg,21
1775401664.4725006,statusg,50
1775401664.4765747,statusg,40
1775401684.8747385,tempg,-56.8
1775401684.8790226,humg,205.7
1775401684.8839245,shumg,66.5
1775401684.8881395,luxg,11568
1775401748.538196,tempg,-56.6
1775401748.586789,humg,205.4
1775401748.588877,shumg,66.0
1775401748.5914173,luxg,14628
1775401810.7353349,tempg,-56.4
1775401810.782352,humg,205.1
1775401810.786806,shumg,65.5
1775401810.7917347,luxg,17080
1775401874.827385,tempg,-56.2
1775401874.8750656,humg,204.8
1775401874.8774228,shumg,65.0
1775401874.879863,luxg,21603
1775401939.3565884,tempg,-56.0
1775401939.4035943,humg,204.5
1775401939.408382,shumg,64.5
1775401939.413434,luxg,32768
1775402004.116089,tempg,-55.8
1775402004.163143,humg,204.2
1775402004.167279,shumg,64.0
1775402004.1713808,luxg,13300
1775402068.8674407,tempg,-55.6
1775402068.9134233,humg,203.9
1775402068.9177682,shumg,63.5
1775402068.9217932,luxg,18182
1775402133.2272897,tempg,-55.4
1775402133.2718048,humg,203.6
1775402133.275839,shumg,63.0
1775402133.2794049,luxg,37144
1775402197.6511097,tempg,-55.2
1775402197.6953232,humg,203.3
1775402197.6993086,shumg,62.5
1775402197.7034886,luxg,16412
1775402259.8588445,tempg,-55.0
1775402259.9024873,humg,203.0
1775402259.9067285,shumg,62.0
1775402259.910609,luxg,13052
1775402324.2904518,tempg,-54.8
1775402324.3325222,humg,202.7
1775402324.3368778,shumg,61.5
1775402324.3412104,luxg,3690
1775402388.457494,tempg,-54.6
1775402388.4950151,humg,202.4
1775402388.4970877,shumg,61.0
1775402388.499049,luxg,21797
1775402453.1865602,tempg,-54.4
1775402453.2263198,humg,202.1
1775402453.2301188,shumg,60.5
1775402453.234006,luxg,32080
1775402517.2407973,tempg,-54.2
1775402517.2896268,humg,201.8
1775402517.2938035,shumg,60.0
1775402517.296344,luxg,3611
1775402581.8400812,tempg,-54.0
1775402581.8885095,humg,201.5
1775402581.8931627,shumg,59.5
1775402581.8971727,luxg,2651
1775402636.3479006,statusg,21
1775402646.2417884,tempg,-53.8
1775402646.246318,humg,201.2
1775402646.25099,shumg,59.0
1775402646.2558572,luxg,39459
1775402708.4448328,tempg,-53.6
1775402708.491998,humg,200.9
1775402708.4960632,shumg,58.5
1775402708.4999354,luxg,3218
1775402772.7691586,tempg,-53.4
1775402772.813924,humg,200.6
1775402772.8178391,shumg,58.0
1775402772.822009,luxg,29214
1775402837.1407871,tempg,-53.2
1775402837.186786,humg,200.3
1775402837.1913,shumg,57.5
1775402837.1958072,luxg,35057
1775402901.620115,tempg,-53.0
1775402901.6657753,humg,200.0
1775402901.6690838,shumg,57.0
1775402901.6732342,luxg,12719
1775402966.2656271,tempg,-52.8
1775402966.310231,humg,199.7
1775402966.3140364,shumg,56.5
1775402966.3178475,luxg,30025
1775403030.7642422,tempg,-52.6
1775403030.8080356,humg,199.4
1775403030.8103676,shumg,56.0
1775403030.812503,luxg,37439
1775403094.7491696,tempg,-52.4
1775403094.791737,humg,199.1
1775403094.7957733,shumg,55.5
1775403094.8002102,luxg,11388
1775403156.4387505,tempg,-52.2
1775403156.4812617,humg,198.8
1775403156.4850926,shumg,55.0
1775403156.4894605,luxg,12001
1775403220.6506176,tempg,-52.0
1775403220.6914425,humg,198.5
1775403220.6956334,shumg,54.5
1775403220.6998317,luxg,31808
1775403285.060581,tempg,-51.8
1775403285.101492,humg,198.2
1775403285.1063333,shumg,54.0
1775403285.1107857,luxg,6640
1775403348.8274148,tempg,-51.6
1775403348.8673787,humg,197.9
1775403348.87148,shumg,53.5
1775403348.8754888,luxg,10387
1775403412.806881,tempg,-51.4
1775403412.8560345,humg,197.6
1775403412.8600354,shumg,53.0
1775403412.863921,luxg,39008
1775403476.7563913,tempg,-51.2
1775403476.804642,humg,197.3
1775403476.808744,shumg,52.5
1775403476.8132114,luxg,3294
1775403540.7170885,tempg,-51.0
1775403540.7643065,humg,197.0
1775403540.7681577,shumg,52.0
1775403540.7716234,luxg,19261
1775403602.7720418,tempg,-50.8
1775403602.8197205,humg,196.7
1775403602.8240802,shumg,51.5
1775403602.8282487,luxg,2913
1775403615.4493093,statusg,30
1775403615.4538863,statusg,50
1775403615.4582367,statusg,40
1775403615.4973743,statusg,21
1775403666.894378,tempg,-50.6
1775403666.8991964,humg,196.4
1775403666.9032905,shumg,51.0
1775403666.9072635,luxg,23755
1775403730.8084095,tempg,-50.4
1775403730.8516924,humg,196.1
1775403730.857291,shumg,50.5
1775403730.8612173,luxg,25932
1775403794.8444257,tempg,-50.2
1775403794.8884127,humg,195.8
1775403794.8926592,shumg,50.0
1775403794.897603,luxg,8294
1775403858.8761773,tempg,-50.0
1775403858.9204483,humg,195.5
1775403858.9243639,shumg,49.5
1775403858.9292312,luxg,22926
1775403922.925217,tempg,-49.8
1775403922.967764,humg,195.2
1775403922.97196,shumg,49.0
1775403922.9774237,luxg,8629
1775403986.9992216,tempg,-49.6
1775403987.0426335,humg,194.9
1775403987.0464907,shumg,48.5
1775403987.050618,luxg,37455
1775404051.057724,tempg,-49.4
1775404051.4157298,humg,194.6
1775404051.4183793,shumg,48.0
1775404051.4207616,luxg,32124
1775404113.0970733,tempg,-49.2
1775404113.1466498,humg,194.3
1775404113.1509478,shumg,47.5
1775404113.1552022,luxg,24709
1775404232.9050758,tempg,22.4
1775404232.9975338,humg,49.4
1775404233.001245,shumg,59.0
1775404233.004894,luxg,1200
1775404297.495044,tempg,22.6
1775404297.5381894,humg,49.1
1775404297.542248,shumg,58.5
1775404297.5466022,luxg,1200
1775404361.9391797,tempg,22.8
1775404361.9809973,humg,48.8
1775404361.985494,shumg,58.0
1775404361.9895833,luxg,1200
1775404424.2555003,tempg,23.0
1775404424.2971852,humg,48.5
1775404424.300661,shumg,57.5
1775404424.303566,luxg,1200
1775404488.653291,tempg,23.2
1775404488.6939924,humg,48.2
1775404488.6988802,shumg,57.0
1775404488.7023625,luxg,1200
1775404552.9785616,tempg,23.4
1775404553.0190349,humg,47.9
1775404553.0234232,shumg,56.5
1775404553.0265305,luxg,1200
1775404616.674772,tempg,23.6
1775404616.714683,humg,47.6
1775404616.7175202,shumg,56.0
1775404616.7213173,luxg,1200
1775404680.6173792,tempg,23.8
1775404680.665474,humg,47.3
1775404680.668909,shumg,55.5
1775404680.67318,luxg,1200
1775404744.601952,tempg,24.0
1775404744.6501596,humg,47.0
1775404744.6535678,shumg,55.0
1775404744.6572285,luxg,1200
1775404808.633936,tempg,24.2
1775404808.6807234,humg,46.7
1775404808.6836345,shumg,54.5
1775404808.6865454,luxg,1200
1775404870.626316,tempg,24.4
1775404870.6721377,humg,46.4
1775404870.676456,shumg,54.0
1775404870.68046,luxg,1200
1775404934.5492601,tempg,24.6
1775404934.5939035,humg,46.1
1775404934.599908,shumg,53.5
1775404934.6034513,luxg,1200
1775404998.059136,tempg,24.8
1775404998.102897,humg,45.8
1775404998.1047654,shumg,53.0
1775404998.106583,luxg,1200
1775405062.4250507,tempg,25.0
1775405062.4675884,humg,45.5
1775405062.472138,shumg,52.5
1775405062.4772274,luxg,1200
1775405126.4219115,tempg,25.2
1775405126.4639955,humg,45.2
1775405126.4678905,shumg,52.0
1775405126.4719462,luxg,1200
1775405190.3870318,tempg,25.4
1775405190.428217,humg,44.9
1775405190.4315612,shumg,51.5
1775405190.4346948,luxg,1200
1775405254.362631,tempg,25.6
1775405254.4039116,humg,44.6
1775405254.4074104,shumg,51.0
1775405254.4105139,luxg,1200
1775405316.3730447,tempg,25.8
1775405316.4124403,humg,44.3
1775405316.4156158,shumg,50.5
1775405316.4186378,luxg,1200
1775405380.3747864,tempg,26.0
1775405380.4143343,humg,44.0
1775405380.417384,shumg,50.0
1775405380.4217591,luxg,1200
1775405444.4400938,tempg,26.2
1775405444.489281,humg,43.7
1775405444.493892,shumg,49.5
1775405444.4980657,luxg,1200
1775405508.5721352,tempg,26.4
1775405508.6207438,humg,43.4
1775405508.6256058,shumg,49.0
1775405508.6303813,luxg,1200
